Date,fb_ad_campaign,fb_impression,fb_clicks,fb_cost,fb_conversion,fb_CTR,fb_CR,fb_CPC,adwords_ad_campaign,adwords_Impressions,adwords_clicks,adwords_cost,adwords_conversion,adwords_CTR,adwords_CR,adwords_CPC
01-01-2023,fb_jan23,1194718,141,$254.05,28,0.01%,19.86%,$1.80,adwords_jan23,1772,15,$0.00,1,0.85%,6.67%,$0.00
02-01-2023,fb_jan23,637648,67,$122.40,13,0.01%,19.40%,$1.83,adwords_jan23,13329,4,$5.63,1,0.03%,25.00%,$1.41
03-01-2023,fb_jan23,24362,55,$0.00,1,0.23%,1.82%,$0.00,adwords_jan23,13659,3,$3.84,1,0.02%,33.33%,$1.28
04-01-2023,fb_jan23,459690,50,$86.33,5,0.01%,10.00%,$1.73,adwords_jan23,739,5,$0.00,1,0.68%,20.00%,$0.00
05-01-2023,fb_jan23,750060,86,$161.91,11,0.01%,12.79%,$1.88,adwords_jan23,605,5,$0.00,1,0.83%,20.00%,$0.00
06-01-2023,fb_jan23,30068,1,$1.82,1,0.00%,100.00%,$1.82,adwords_jan23,1030,9,$0.00,1,0.87%,11.11%,$0.00
07-01-2023,fb_jan23,1267550,123,$236.77,24,0.01%,19.51%,$1.92,adwords_jan23,5374,1,$1.04,4,0.02%,400.00%,$1.04
08-01-2023,fb_jan23,3052003,340,$639.95,60,0.01%,17.65%,$1.88,adwords_jan23,790,11,$0.00,1,1.39%,9.09%,$0.00
09-01-2023,fb_jan23,29945,1,$1.59,2,0.00%,200.00%,$1.59,adwords_jan23,962,2,$0.00,1,0.21%,50.00%,$0.00
10-01-2023,fb_jan23,357856,30,$52.97,7,0.01%,23.33%,$1.77,adwords_jan23,4423,1,$1.46,1,0.02%,100.00%,$1.46
11-01-2023,fb_jan23,2080666,202,$360.15,40,0.01%,19.80%,$1.78,adwords_jan23,12382,2,$2.84,1,0.02%,50.00%,$1.42
12-01-2023,fb_jan23,145999,9,$16.52,5,0.01%,55.56%,$1.84,adwords_jan23,2938,1,$1.35,1,0.03%,100.00%,$1.35
13-01-2023,fb_jan23,32616,1,$1.54,2,0.00%,200.00%,$1.54,adwords_jan23,239,5,$0.00,1,2.09%,20.00%,$0.00
14-01-2023,fb_jan23,984521,95,$163.90,26,0.01%,27.37%,$1.73,adwords_jan23,591,20,$0.00,1,3.38%,5.00%,$0.00
15-01-2023,fb_jan23,880814,123,$210.36,6,0.01%,4.88%,$1.71,adwords_jan23,10332,4,$5.75,1,0.04%,25.00%,$1.44
16-01-2023,fb_jan23,182452,20,$35.73,4,0.01%,20.00%,$1.79,adwords_jan23,8259,3,$3.98,1,0.04%,33.33%,$1.33
17-01-2023,fb_jan23,894911,120,$215.84,7,0.01%,5.83%,$1.80,adwords_jan23,12158,3,$4.45,1,0.02%,33.33%,$1.48
18-01-2023,fb_jan23,31349,2,$3.80,1,0.01%,50.00%,$1.90,adwords_jan23,7709,2,$1.32,2,0.03%,100.00%,$0.66
19-01-2023,fb_jan23,410310,55,$96.80,3,0.01%,5.45%,$1.76,adwords_jan23,834,5,$0.00,1,0.60%,20.00%,$0.00
20-01-2023,fb_jan23,572450,89,$157.33,7,0.02%,7.87%,$1.77,adwords_jan23,1299,78,$0.00,2,6.00%,2.56%,$0.00
21-01-2023,fb_jan23,98759,15,$26.57,1,0.02%,6.67%,$1.77,adwords_jan23,371,18,$0.00,1,4.85%,5.56%,$0.00
22-01-2023,fb_jan23,345371,54,$93.09,7,0.02%,12.96%,$1.72,adwords_jan23,10466,3,$4.09,1,0.03%,33.33%,$1.36
23-01-2023,fb_jan23,323899,46,$78.92,5,0.01%,10.87%,$1.72,adwords_jan23,839,12,$0.00,1,1.43%,8.33%,$0.00
24-01-2023,fb_jan23,399199,58,$103.15,3,0.01%,5.17%,$1.78,adwords_jan23,5576,1,$1.53,1,0.02%,100.00%,$1.53
25-01-2023,fb_jan23,171202,22,$36.53,3,0.01%,13.64%,$1.66,adwords_jan23,4010,2,$0.00,1,0.05%,50.00%,$0.00
26-01-2023,fb_jan23,128386,15,$28.85,2,0.01%,13.33%,$1.92,adwords_jan23,39337,7,$10.03,1,0.02%,14.29%,$1.43
27-01-2023,fb_jan23,1034284,152,$257.71,20,0.01%,13.16%,$1.70,adwords_jan23,1635,36,$0.00,1,2.20%,2.78%,$0.00
28-01-2023,fb_jan23,45923,5,$7.22,2,0.01%,40.00%,$1.44,adwords_jan23,1631,11,$0.00,1,0.67%,9.09%,$0.00
29-01-2023,fb_jan23,40873,4,$7.90,2,0.01%,50.00%,$1.97,adwords_jan23,13479,3,$4.25,1,0.02%,33.33%,$1.42
30-01-2023,fb_jan23,286553,34,$62.06,2,0.01%,5.88%,$1.83,adwords_jan23,57022,13,$20.29,3,0.02%,23.08%,$1.56
31-01-2023,fb_jan23,20618,1,$2.10,2,0.00%,200.00%,$2.10,adwords_jan23,5453,1,$1.39,1,0.02%,100.00%,$1.39
01-02-2023,fb_feb23,83591,7,$14.14,2,0.01%,28.57%,$2.02,adwords_feb23,11803,3,$4.44,1,0.03%,33.33%,$1.48
02-02-2023,fb_feb23,114923,12,$23.73,4,0.01%,33.33%,$1.98,adwords_feb23,4259,1,$1.57,1,0.02%,100.00%,$1.57
03-02-2023,fb_feb23,25002,1,$1.71,1,0.00%,100.00%,$1.71,adwords_feb23,1554,25,$0.00,1,1.61%,4.00%,$0.00
04-02-2023,fb_feb23,68905,5,$9.44,1,0.01%,20.00%,$1.89,adwords_feb23,5323,1,$1.29,1,0.02%,100.00%,$1.29
05-02-2023,fb_feb23,169588,16,$27.80,1,0.01%,6.25%,$1.74,adwords_feb23,5024,1,$1.41,1,0.02%,100.00%,$1.41
06-02-2023,fb_feb23,328991,35,$67.65,5,0.01%,14.29%,$1.93,adwords_feb23,104648,24,$33.33,4,0.02%,16.67%,$1.39
07-02-2023,fb_feb23,23198,2,$2.98,1,0.01%,50.00%,$1.49,adwords_feb23,8504,3,$3.34,1,0.04%,33.33%,$1.11
08-02-2023,fb_feb23,26890,2,$3.24,1,0.01%,50.00%,$1.62,adwords_feb23,20277,6,$8.05,1,0.03%,16.67%,$1.34
09-02-2023,fb_feb23,221695,31,$52.26,5,0.01%,16.13%,$1.69,adwords_feb23,12403,4,$5.21,1,0.03%,25.00%,$1.30
10-02-2023,fb_feb23,88443,7,$13.04,1,0.01%,14.29%,$1.86,adwords_feb23,498,7,$0.00,1,1.41%,14.29%,$0.00
11-02-2023,fb_feb23,187856,23,$38.39,5,0.01%,21.74%,$1.67,adwords_feb23,652,28,$0.00,0,4.29%,0.00%,$0.00
12-02-2023,fb_feb23,570699,80,$138.77,9,0.01%,11.25%,$1.73,adwords_feb23,1357,17,$0.00,1,1.25%,5.88%,$0.00
13-02-2023,fb_feb23,1063508,145,$260.38,23,0.01%,15.86%,$1.80,adwords_feb23,1393,15,$0.00,1,1.08%,6.67%,$0.00
14-02-2023,fb_feb23,50523,6,$8.55,1,0.01%,16.67%,$1.42,adwords_feb23,648,13,$0.00,1,2.01%,7.69%,$0.00
15-02-2023,fb_feb23,87935,9,$15.63,1,0.01%,11.11%,$1.74,adwords_feb23,708,84,$0.00,1,11.86%,1.19%,$0.00
16-02-2023,fb_feb23,278225,33,$60.20,3,0.01%,9.09%,$1.82,adwords_feb23,6907,2,$2.35,1,0.03%,50.00%,$1.17
17-02-2023,fb_feb23,209461,20,$34.19,1,0.01%,5.00%,$1.71,adwords_feb23,39035,13,$19.33,1,0.03%,7.69%,$1.49
18-02-2023,fb_feb23,26316,2,$3.24,3,0.01%,150.00%,$1.62,adwords_feb23,926,88,$0.00,1,9.50%,1.14%,$0.00
19-02-2023,fb_feb23,41030,3,$5.14,2,0.01%,66.67%,$1.71,adwords_feb23,4412,1,$1.45,1,0.02%,100.00%,$1.45
20-02-2023,fb_feb23,876671,120,$216.56,22,0.01%,18.33%,$1.80,adwords_feb23,9965,3,$4.05,1,0.03%,33.33%,$1.35
21-02-2023,fb_feb23,399392,53,$93.07,5,0.01%,9.43%,$1.76,adwords_feb23,73634,23,$32.98,1,0.03%,4.35%,$1.43
22-02-2023,fb_feb23,283858,30,$56.06,1,0.01%,3.33%,$1.87,adwords_feb23,69708,20,$31.29,1,0.03%,5.00%,$1.56
23-02-2023,fb_feb23,260699,31,$54.10,5,0.01%,16.13%,$1.75,adwords_feb23,530,12,$0.00,1,2.26%,8.33%,$0.00
24-02-2023,fb_feb23,57781,5,$7.80,2,0.01%,40.00%,$1.56,adwords_feb23,14257,6,$8.79,1,0.04%,16.67%,$1.46
25-02-2023,fb_feb23,38757,3,$5.22,1,0.01%,33.33%,$1.74,adwords_feb23,20362,5,$9.12,1,0.02%,20.00%,$1.82
26-02-2023,fb_feb23,1392288,206,$358.55,31,0.01%,15.05%,$1.74,adwords_feb23,12215,4,$6.26,1,0.03%,25.00%,$1.57
27-02-2023,fb_feb23,1109387,159,$280.99,13,0.01%,8.18%,$1.77,adwords_feb23,85412,28,$38.64,2,0.03%,7.14%,$1.38
28-02-2023,fb_feb23,581281,65,$115.12,10,0.01%,15.38%,$1.77,adwords_feb23,2338,1,$0.24,1,0.04%,100.00%,$0.24
01-03-2023,fb_mar23,1048861,128,$219.77,22,0.01%,17.19%,$1.72,adwords_mar23,2522,125,$0.00,1,4.96%,0.80%,$0.00
02-03-2023,fb_mar23,297452,30,$52.02,4,0.01%,13.33%,$1.73,adwords_mar23,3587,155,$0.00,1,4.32%,0.65%,$0.00
03-03-2023,fb_mar23,227925,22,$35.31,22,0.01%,100.00%,$1.60,adwords_mar23,1273,112,$0.00,1,8.80%,0.89%,$0.00
04-03-2023,fb_mar23,374175,38,$63.32,8,0.01%,21.05%,$1.67,adwords_mar23,3891,1,$1.09,1,0.03%,100.00%,$1.09
05-03-2023,fb_mar23,223586,32,$54.24,1,0.01%,3.13%,$1.70,adwords_mar23,1888,58,$0.00,1,3.07%,1.72%,$0.00
06-03-2023,fb_mar23,283170,39,$65.23,2,0.01%,5.13%,$1.67,adwords_mar23,1895,62,$0.00,1,3.27%,1.61%,$0.00
07-03-2023,fb_mar23,41636,3,$4.21,1,0.01%,33.33%,$1.40,adwords_mar23,715,87,$0.00,1,12.17%,1.15%,$0.00
08-03-2023,fb_mar23,198658,30,$48.61,8,0.02%,26.67%,$1.62,adwords_mar23,11199,2,$2.68,1,0.02%,50.00%,$1.34
09-03-2023,fb_mar23,100596,10,$13.92,4,0.01%,40.00%,$1.39,adwords_mar23,5676,2,$3.01,1,0.04%,50.00%,$1.50
10-03-2023,fb_mar23,64020,5,$11.06,1,0.01%,20.00%,$2.21,adwords_mar23,1415,89,$0.00,1,6.29%,1.12%,$0.00
11-03-2023,fb_mar23,14289,68,$0.00,1,0.48%,1.47%,$0.00,adwords_mar23,2148,1,$1.58,1,0.05%,100.00%,$1.58
12-03-2023,fb_mar23,404866,43,$87.42,4,0.01%,9.30%,$2.03,adwords_mar23,45401,10,$14.06,1,0.02%,10.00%,$1.41
13-03-2023,fb_mar23,22256,1,$1.66,1,0.00%,100.00%,$1.66,adwords_mar23,7478,2,$2.90,1,0.03%,50.00%,$1.45
14-03-2023,fb_mar23,57690,4,$6.74,1,0.01%,25.00%,$1.69,adwords_mar23,4919,1,$1.59,1,0.02%,100.00%,$1.59
15-03-2023,fb_mar23,24952,5,$8.22,3,0.02%,60.00%,$1.64,adwords_mar23,533,93,$0.00,1,17.45%,1.08%,$0.00
16-03-2023,fb_mar23,38900,3,$5.58,1,0.01%,33.33%,$1.86,adwords_mar23,1447,56,$0.00,1,3.87%,1.79%,$0.00
17-03-2023,fb_mar23,53520,6,$9.23,1,0.01%,16.67%,$1.54,adwords_mar23,17553,3,$4.59,1,0.02%,33.33%,$1.53
18-03-2023,fb_mar23,181683,20,$34.23,2,0.01%,10.00%,$1.71,adwords_mar23,3343,1,$0.54,1,0.03%,100.00%,$0.54
19-03-2023,fb_mar23,29185,2,$3.15,1,0.01%,50.00%,$1.57,adwords_mar23,523,11,$0.00,1,2.10%,9.09%,$0.00
20-03-2023,fb_mar23,105047,13,$20.21,3,0.01%,23.08%,$1.55,adwords_mar23,1873,125,$0.00,1,6.67%,0.80%,$0.00
21-03-2023,fb_mar23,287976,31,$59.44,3,0.01%,9.68%,$1.92,adwords_mar23,34740,7,$13.41,1,0.02%,14.29%,$1.92
22-03-2023,fb_mar23,212175,22,$38.59,2,0.01%,9.09%,$1.75,adwords_mar23,658,110,$0.00,1,16.72%,0.91%,$0.00
23-03-2023,fb_mar23,11139,80,$0.00,1,0.72%,1.25%,$0.00,adwords_mar23,1539,118,$0.00,1,7.67%,0.85%,$0.00
24-03-2023,fb_mar23,124005,11,$21.85,4,0.01%,36.36%,$1.99,adwords_mar23,3010,1,$0.86,1,0.03%,100.00%,$0.86
25-03-2023,fb_mar23,20423,1,$1.96,1,0.00%,100.00%,$1.96,adwords_mar23,27081,9,$10.77,1,0.03%,11.11%,$1.20
26-03-2023,fb_mar23,103001,14,$22.32,1,0.01%,7.14%,$1.59,adwords_mar23,20233,4,$5.59,3,0.02%,75.00%,$1.40
27-03-2023,fb_mar23,447420,66,$110.24,7,0.01%,10.61%,$1.67,adwords_mar23,147159,36,$58.16,3,0.02%,8.33%,$1.62
28-03-2023,fb_mar23,156101,19,$29.75,2,0.01%,10.53%,$1.57,adwords_mar23,21664,7,$10.62,1,0.03%,14.29%,$1.52
29-03-2023,fb_mar23,93015,12,$18.47,1,0.01%,8.33%,$1.54,adwords_mar23,9112,4,$5.46,1,0.04%,25.00%,$1.37
30-03-2023,fb_mar23,145398,23,$36.24,1,0.02%,4.35%,$1.58,adwords_mar23,542,115,$0.00,1,21.22%,0.87%,$0.00
31-03-2023,fb_mar23,296413,50,$76.44,3,0.02%,6.00%,$1.53,adwords_mar23,402,88,$0.00,1,21.89%,1.14%,$0.00
01-04-2023,fb_apr23,9370,140,$0.00,1,1.49%,0.71%,$0.00,adwords_apr23,1338,95,$0.00,1,7.10%,1.05%,$0.00
02-04-2023,fb_apr23,63785,7,$11.80,6,0.01%,85.71%,$1.69,adwords_apr23,46150,15,$20.18,1,0.03%,6.67%,$1.35
03-04-2023,fb_apr23,118522,14,$26.82,2,0.01%,14.29%,$1.92,adwords_apr23,493821,116,$176.38,4,0.02%,3.45%,$1.52
04-04-2023,fb_apr23,240123,38,$65.67,5,0.02%,13.16%,$1.73,adwords_apr23,92011,27,$34.39,2,0.03%,7.41%,$1.27
05-04-2023,fb_apr23,169108,20,$32.24,2,0.01%,10.00%,$1.61,adwords_apr23,12956,4,$5.49,1,0.03%,25.00%,$1.37
06-04-2023,fb_apr23,1044442,142,$245.60,22,0.01%,15.49%,$1.73,adwords_apr23,529,154,$0.00,1,29.11%,0.65%,$0.00
07-04-2023,fb_apr23,93891,11,$17.64,5,0.01%,45.45%,$1.60,adwords_apr23,944,1,$1.42,1,0.11%,100.00%,$1.42
08-04-2023,fb_apr23,185823,25,$38.55,4,0.01%,16.00%,$1.54,adwords_apr23,111090,38,$51.97,5,0.03%,13.16%,$1.37
09-04-2023,fb_apr23,175631,23,$40.76,1,0.01%,4.35%,$1.77,adwords_apr23,7208,2,$3.19,1,0.03%,50.00%,$1.60
10-04-2023,fb_apr23,37187,4,$6.37,1,0.01%,25.00%,$1.59,adwords_apr23,1746,112,$0.00,1,6.41%,0.89%,$0.00
11-04-2023,fb_apr23,10991,45,$0.00,1,0.41%,2.22%,$0.00,adwords_apr23,2474,125,$0.00,2,5.05%,1.60%,$0.00
12-04-2023,fb_apr23,344618,51,$89.76,3,0.01%,5.88%,$1.76,adwords_apr23,12489,2,$1.96,1,0.02%,50.00%,$0.98
13-04-2023,fb_apr23,98066,9,$16.15,1,0.01%,11.11%,$1.79,adwords_apr23,8032,1,$0.60,2,0.01%,200.00%,$0.60
14-04-2023,fb_apr23,770749,100,$189.13,13,0.01%,13.00%,$1.89,adwords_apr23,472,11,$0.00,1,2.33%,9.09%,$0.00
15-04-2023,fb_apr23,52553,5,$8.53,1,0.01%,20.00%,$1.71,adwords_apr23,792,52,$0.00,1,6.57%,1.92%,$0.00
16-04-2023,fb_apr23,362296,39,$67.77,7,0.01%,17.95%,$1.74,adwords_apr23,4607,1,$1.15,1,0.02%,100.00%,$1.15
17-04-2023,fb_apr23,427729,50,$96.90,4,0.01%,8.00%,$1.94,adwords_apr23,13355,2,$3.18,1,0.01%,50.00%,$1.59
18-04-2023,fb_apr23,180351,21,$37.13,1,0.01%,4.76%,$1.77,adwords_apr23,2936,65,$0.00,1,2.21%,1.54%,$0.00
19-04-2023,fb_apr23,187329,29,$53.16,2,0.02%,6.90%,$1.83,adwords_apr23,2793,1,$0.98,1,0.04%,100.00%,$0.98
20-04-2023,fb_apr23,782894,118,$192.93,5,0.02%,4.24%,$1.63,adwords_apr23,1032,32,$0.00,1,3.10%,3.13%,$0.00
21-04-2023,fb_apr23,1206533,128,$236.12,17,0.01%,13.28%,$1.84,adwords_apr23,1662,32,$0.00,1,1.93%,3.13%,$0.00
22-04-2023,fb_apr23,84494,7,$12.57,2,0.01%,28.57%,$1.80,adwords_apr23,4016,2,$1.48,1,0.05%,50.00%,$0.74
23-04-2023,fb_apr23,94257,7,$12.58,1,0.01%,14.29%,$1.80,adwords_apr23,14843,3,$2.94,1,0.02%,33.33%,$0.98
24-04-2023,fb_apr23,131060,16,$28.05,2,0.01%,12.50%,$1.75,adwords_apr23,9674,3,$4.60,1,0.03%,33.33%,$1.53
25-04-2023,fb_apr23,341603,50,$83.48,4,0.01%,8.00%,$1.67,adwords_apr23,12186,2,$2.67,1,0.02%,50.00%,$1.33
26-04-2023,fb_apr23,140749,19,$30.48,1,0.01%,5.26%,$1.60,adwords_apr23,673,65,$0.00,1,9.66%,1.54%,$0.00
27-04-2023,fb_apr23,102525,13,$20.30,2,0.01%,15.38%,$1.56,adwords_apr23,370,85,$0.00,1,22.97%,1.18%,$0.00
28-04-2023,fb_apr23,447952,68,$131.58,8,0.02%,11.76%,$1.93,adwords_apr23,450,55,$0.00,1,12.22%,1.82%,$0.00
29-04-2023,fb_apr23,76355,9,$14.63,2,0.01%,22.22%,$1.63,adwords_apr23,2077,77,$0.00,1,3.71%,1.30%,$0.00
30-04-2023,fb_apr23,256598,38,$64.47,6,0.01%,15.79%,$1.70,adwords_apr23,31393,8,$10.96,1,0.03%,12.50%,$1.37
01-05-2023,fb_may23,127476,21,$30.15,3,0.02%,14.29%,$1.44,adwords_may23,8410,2,$2.36,1,0.02%,50.00%,$1.18
02-05-2023,fb_may23,237603,37,$62.25,5,0.02%,13.51%,$1.68,adwords_may23,25884,5,$7.35,1,0.02%,20.00%,$1.47
03-05-2023,fb_may23,271091,42,$78.04,3,0.02%,7.14%,$1.86,adwords_may23,608,78,$0.00,1,12.83%,1.28%,$0.00
04-05-2023,fb_may23,21743,2,$3.40,1,0.01%,50.00%,$1.70,adwords_may23,28488,10,$9.34,1,0.04%,10.00%,$0.93
05-05-2023,fb_may23,88970,10,$14.83,2,0.01%,20.00%,$1.48,adwords_may23,10126,3,$4.62,1,0.03%,33.33%,$1.54
06-05-2023,fb_may23,108362,13,$22.43,1,0.01%,7.69%,$1.73,adwords_may23,22572,5,$8.50,1,0.02%,20.00%,$1.70
07-05-2023,fb_may23,188596,27,$44.14,3,0.01%,11.11%,$1.63,adwords_may23,1955,21,$0.00,1,1.07%,4.76%,$0.00
08-05-2023,fb_may23,275080,43,$69.66,4,0.02%,9.30%,$1.62,adwords_may23,493,121,$0.00,1,24.54%,0.83%,$0.00
09-05-2023,fb_may23,64647,10,$16.27,1,0.02%,10.00%,$1.63,adwords_may23,1491,54,$0.00,1,3.62%,1.85%,$0.00
10-05-2023,fb_may23,31265,4,$5.79,1,0.01%,25.00%,$1.45,adwords_may23,1495,66,$0.00,1,4.41%,1.52%,$0.00
11-05-2023,fb_may23,140147,24,$42.08,2,0.02%,8.33%,$1.75,adwords_may23,512,122,$0.00,0,23.83%,0.00%,$0.00
12-05-2023,fb_may23,223120,40,$67.67,1,0.02%,2.50%,$1.69,adwords_may23,4868,2,$2.42,1,0.04%,50.00%,$1.21
13-05-2023,fb_may23,104869,18,$34.07,1,0.02%,5.56%,$1.89,adwords_may23,6585,2,$2.95,1,0.03%,50.00%,$1.48
14-05-2023,fb_may23,165177,23,$41.72,4,0.01%,17.39%,$1.81,adwords_may23,10164,2,$3.72,1,0.02%,50.00%,$1.86
15-05-2023,fb_may23,84194,11,$19.57,1,0.01%,9.09%,$1.78,adwords_may23,11182,4,$4.45,1,0.04%,25.00%,$1.11
16-05-2023,fb_may23,220581,31,$57.37,1,0.01%,3.23%,$1.85,adwords_may23,1238,11,$0.00,1,0.89%,9.09%,$0.00
17-05-2023,fb_may23,75804,10,$17.37,2,0.01%,20.00%,$1.74,adwords_may23,34127,8,$13.07,1,0.02%,12.50%,$1.63
18-05-2023,fb_may23,368986,59,$100.29,0,0.02%,0.00%,$1.70,adwords_may23,29466,7,$10.85,2,0.02%,28.57%,$1.55
19-05-2023,fb_may23,28194,3,$3.71,2,0.01%,66.67%,$1.24,adwords_may23,38759,9,$10.85,1,0.02%,11.11%,$1.21
20-05-2023,fb_may23,99961,14,$23.21,1,0.01%,7.14%,$1.66,adwords_may23,41720,10,$12.06,1,0.02%,10.00%,$1.21
21-05-2023,fb_may23,7573,77,$0.00,1,1.02%,1.30%,$0.00,adwords_may23,18602,5,$8.86,1,0.03%,20.00%,$1.77
22-05-2023,fb_may23,685781,103,$177.89,10,0.02%,9.71%,$1.73,adwords_may23,83929,21,$27.73,4,0.03%,19.05%,$1.32
23-05-2023,fb_may23,274222,43,$66.77,2,0.02%,4.65%,$1.55,adwords_may23,25194,6,$7.35,1,0.02%,16.67%,$1.22
24-05-2023,fb_may23,110503,25,$32.68,4,0.02%,16.00%,$1.31,adwords_may23,78627,19,$26.53,1,0.02%,5.26%,$1.40
25-05-2023,fb_may23,1447755,233,$420.58,11,0.02%,4.72%,$1.81,adwords_may23,102695,25,$39.43,3,0.02%,12.00%,$1.58
26-05-2023,fb_may23,358987,52,$87.55,1,0.01%,1.92%,$1.68,adwords_may23,82827,24,$47.93,3,0.03%,12.50%,$2.00
27-05-2023,fb_may23,826205,125,$232.37,5,0.02%,4.00%,$1.86,adwords_may23,9240,3,$6.04,1,0.03%,33.33%,$2.01
28-05-2023,fb_may23,550954,84,$150.14,3,0.02%,3.57%,$1.79,adwords_may23,7706,2,$2.37,1,0.03%,50.00%,$1.18
29-05-2023,fb_may23,378350,55,$96.48,4,0.01%,7.27%,$1.75,adwords_may23,7821,4,$6.34,1,0.05%,25.00%,$1.59
30-05-2023,fb_may23,492784,56,$95.51,7,0.01%,12.50%,$1.71,adwords_may23,1363,158,$0.00,1,11.59%,0.63%,$0.00
31-05-2023,fb_may23,327158,43,$72.31,6,0.01%,13.95%,$1.68,adwords_may23,3569,125,$0.00,1,3.50%,0.80%,$0.00
01-06-2023,fb_june23,9921,85,$0.00,1,0.86%,1.18%,$0.00,adwords_june23,119063,34,$53.22,1,0.03%,2.94%,$1.57
02-06-2023,fb_june23,59390,5,$9.21,5,0.01%,100.00%,$1.84,adwords_june23,99078,23,$35.80,2,0.02%,8.70%,$1.56
03-06-2023,fb_june23,1040330,147,$254.25,13,0.01%,8.84%,$1.73,adwords_june23,452398,114,$180.22,1,0.03%,0.88%,$1.58
04-06-2023,fb_june23,49422,6,$11.17,1,0.01%,16.67%,$1.86,adwords_june23,191223,48,$76.41,1,0.03%,2.08%,$1.59
05-06-2023,fb_june23,131091,18,$34.23,3,0.01%,16.67%,$1.90,adwords_june23,22216,6,$9.55,1,0.03%,16.67%,$1.59
06-06-2023,fb_june23,95691,15,$25.26,1,0.02%,6.67%,$1.68,adwords_june23,48291,11,$18.02,1,0.02%,9.09%,$1.64
07-06-2023,fb_june23,15513,1,$1.29,1,0.01%,100.00%,$1.29,adwords_june23,27559,8,$13.37,1,0.03%,12.50%,$1.67
08-06-2023,fb_june23,382537,63,$113.99,4,0.02%,6.35%,$1.81,adwords_june23,10194,4,$4.59,2,0.04%,50.00%,$1.15
09-06-2023,fb_june23,461356,64,$121.10,6,0.01%,9.38%,$1.89,adwords_june23,1168,54,$0.00,1,4.62%,1.85%,$0.00
10-06-2023,fb_june23,392541,53,$98.70,3,0.01%,5.66%,$1.86,adwords_june23,40126,16,$25.86,1,0.04%,6.25%,$1.62
11-06-2023,fb_june23,35088,5,$8.80,1,0.01%,20.00%,$1.76,adwords_june23,3659,1,$0.49,1,0.03%,100.00%,$0.49
12-06-2023,fb_june23,53933,6,$9.93,3,0.01%,50.00%,$1.65,adwords_june23,3200,93,$0.00,1,2.91%,1.08%,$0.00
13-06-2023,fb_june23,228861,33,$53.39,4,0.01%,12.12%,$1.62,adwords_june23,7550,116,$1.68,1,1.54%,0.86%,$0.01
14-06-2023,fb_june23,20959,2,$3.77,1,0.01%,50.00%,$1.88,adwords_june23,45397,102,$25.42,1,0.22%,0.98%,$0.25
15-06-2023,fb_june23,24992,2,$3.19,1,0.01%,50.00%,$1.60,adwords_june23,23086,76,$3.31,1,0.33%,1.32%,$0.04
16-06-2023,fb_june23,100351,15,$24.18,2,0.01%,13.33%,$1.61,adwords_june23,16425,86,$1.55,1,0.52%,1.16%,$0.02
17-06-2023,fb_june23,292448,43,$76.90,2,0.01%,4.65%,$1.79,adwords_june23,43756,5,$5.44,0,0.01%,0.00%,$1.09
18-06-2023,fb_june23,65060,7,$14.52,1,0.01%,14.29%,$2.07,adwords_june23,9982,116,$0.00,1,1.16%,0.86%,$0.00
19-06-2023,fb_june23,133316,21,$36.17,2,0.02%,9.52%,$1.72,adwords_june23,175389,102,$81.61,1,0.06%,0.98%,$0.80
20-06-2023,fb_june23,113501,26,$38.44,5,0.02%,19.23%,$1.48,adwords_june23,7015,102,$0.00,1,1.45%,0.98%,$0.00
21-06-2023,fb_june23,192810,41,$61.93,4,0.02%,9.76%,$1.51,adwords_june23,12706,76,$4.99,1,0.60%,1.32%,$0.07
22-06-2023,fb_june23,233404,43,$70.41,2,0.02%,4.65%,$1.64,adwords_june23,70702,86,$31.71,1,0.12%,1.16%,$0.37
23-06-2023,fb_june23,128843,24,$37.60,2,0.02%,8.33%,$1.57,adwords_june23,63927,76,$25.52,2,0.12%,2.63%,$0.34
24-06-2023,fb_june23,63564,12,$20.59,2,0.02%,16.67%,$1.72,adwords_june23,15105,86,$4.26,1,0.57%,1.16%,$0.05
25-06-2023,fb_june23,85970,14,$24.78,1,0.02%,7.14%,$1.77,adwords_june23,8774,1,$1.83,1,0.01%,100.00%,$1.83
26-06-2023,fb_june23,131232,16,$29.54,1,0.01%,6.25%,$1.85,adwords_june23,14459,1,$1.39,1,0.01%,100.00%,$1.39
27-06-2023,fb_june23,152454,22,$37.85,1,0.01%,4.55%,$1.72,adwords_june23,21596,2,$2.81,1,0.01%,50.00%,$1.40
28-06-2023,fb_june23,28989,2,$2.29,1,0.01%,50.00%,$1.15,adwords_june23,66765,8,$11.05,1,0.01%,12.50%,$1.38
29-06-2023,fb_june23,80248,15,$24.19,1,0.02%,6.67%,$1.61,adwords_june23,1369,76,$0.00,1,5.55%,1.32%,$0.00
30-06-2023,fb_june23,38580,5,$8.52,1,0.01%,20.00%,$1.70,adwords_june23,26910,86,$7.23,1,0.32%,1.16%,$0.08
01-07-2023,fb_jul23,621591,91,$163.36,5,0.01%,5.49%,$1.80,adwords_jul23,506,106,$0.00,1,20.95%,0.94%,$0.00
02-07-2023,fb_jul23,250499,36,$58.14,3,0.01%,8.33%,$1.62,adwords_jul23,11988,122,$4.27,1,1.02%,0.82%,$0.03
03-07-2023,fb_jul23,131637,18,$29.31,2,0.01%,11.11%,$1.63,adwords_jul23,19353,115,$9.48,1,0.59%,0.87%,$0.08
04-07-2023,fb_jul23,463813,69,$116.34,4,0.01%,5.80%,$1.69,adwords_jul23,10960,131,$2.89,1,1.20%,0.76%,$0.02
05-07-2023,fb_jul23,211767,35,$60.90,5,0.02%,14.29%,$1.74,adwords_jul23,33491,86,$10.57,2,0.26%,2.33%,$0.12
06-07-2023,fb_jul23,163181,26,$40.02,1,0.02%,3.85%,$1.54,adwords_jul23,20083,2,$3.20,2,0.01%,100.00%,$1.60
07-07-2023,fb_jul23,1117385,147,$260.07,11,0.01%,7.48%,$1.77,adwords_jul23,8817,122,$0.00,1,1.38%,0.82%,$0.00
08-07-2023,fb_jul23,1663441,205,$359.47,17,0.01%,8.29%,$1.75,adwords_jul23,15466,115,$0.97,1,0.74%,0.87%,$0.01
09-07-2023,fb_jul23,455248,54,$105.71,5,0.01%,9.26%,$1.96,adwords_jul23,27072,131,$4.37,1,0.48%,0.76%,$0.03
10-07-2023,fb_jul23,75589,6,$10.66,1,0.01%,16.67%,$1.78,adwords_jul23,15753,48,$0.57,1,0.30%,2.08%,$0.01
11-07-2023,fb_jul23,594267,82,$143.30,3,0.01%,3.66%,$1.75,adwords_jul23,3523,118,$1.81,1,3.35%,0.85%,$0.02
12-07-2023,fb_jul23,315281,35,$65.03,1,0.01%,2.86%,$1.86,adwords_jul23,7745,107,$0.00,1,1.38%,0.93%,$0.00
13-07-2023,fb_jul23,363456,71,$117.56,7,0.02%,9.86%,$1.66,adwords_jul23,18709,87,$3.32,1,0.47%,1.15%,$0.04
14-07-2023,fb_jul23,438983,81,$143.43,3,0.02%,3.70%,$1.77,adwords_jul23,8022,107,$0.00,2,1.33%,1.87%,$0.00
15-07-2023,fb_jul23,42563,5,$9.66,1,0.01%,20.00%,$1.93,adwords_jul23,7966,44,$1.18,1,0.55%,2.27%,$0.03
16-07-2023,fb_jul23,399035,75,$124.80,7,0.02%,9.33%,$1.66,adwords_jul23,4132,121,$0.00,1,2.93%,0.83%,$0.00
17-07-2023,fb_jul23,304680,59,$98.55,3,0.02%,5.08%,$1.67,adwords_jul23,12785,123,$4.73,2,0.96%,1.63%,$0.04
18-07-2023,fb_jul23,140596,23,$40.77,1,0.02%,4.35%,$1.77,adwords_jul23,8213,73,$1.38,1,0.89%,1.37%,$0.02
19-07-2023,fb_jul23,439986,80,$134.88,4,0.02%,5.00%,$1.69,adwords_jul23,545,35,$0.00,1,6.42%,2.86%,$0.00
20-07-2023,fb_jul23,75803,11,$19.36,2,0.01%,18.18%,$1.76,adwords_jul23,2479,1,$1.26,1,0.04%,100.00%,$1.26
21-07-2023,fb_jul23,7073,62,$0.00,1,0.88%,1.61%,$0.00,adwords_jul23,3812,2,$3.05,1,0.05%,50.00%,$1.52
22-07-2023,fb_jul23,153586,28,$43.01,2,0.02%,7.14%,$1.54,adwords_jul23,1609,122,$0.00,1,7.58%,0.82%,$0.00
23-07-2023,fb_jul23,180815,31,$42.63,1,0.02%,3.23%,$1.38,adwords_jul23,10257,115,$3.58,1,1.12%,0.87%,$0.03
24-07-2023,fb_jul23,253169,51,$75.79,1,0.02%,1.96%,$1.49,adwords_jul23,12356,131,$6.28,1,1.06%,0.76%,$0.05
25-07-2023,fb_jul23,34453,5,$7.71,1,0.01%,20.00%,$1.54,adwords_jul23,7410,48,$1.21,1,0.65%,2.08%,$0.03
26-07-2023,fb_jul23,51550,8,$14.04,1,0.02%,12.50%,$1.75,adwords_jul23,140098,118,$46.63,1,0.08%,0.85%,$0.40
27-07-2023,fb_jul23,110018,24,$39.86,1,0.02%,4.17%,$1.66,adwords_jul23,107021,107,$34.44,1,0.10%,0.93%,$0.32
28-07-2023,fb_jul23,137584,21,$36.78,1,0.02%,4.76%,$1.75,adwords_jul23,2797,87,$1.29,1,3.11%,1.15%,$0.01
29-07-2023,fb_jul23,209825,30,$54.87,1,0.01%,3.33%,$1.83,adwords_jul23,16461,107,$9.22,1,0.65%,0.93%,$0.09
30-07-2023,fb_jul23,264222,63,$87.79,1,0.02%,1.59%,$1.39,adwords_jul23,17488,44,$7.72,1,0.25%,2.27%,$0.18
31-07-2023,fb_jul23,31202,5,$6.73,1,0.02%,20.00%,$1.35,adwords_jul23,9750,121,$1.50,1,1.24%,0.83%,$0.01
01-08-2023,fb_aug23,252991,49,$76.84,3,0.02%,6.12%,$1.57,adwords_aug23,1136,123,$0.00,1,10.83%,0.81%,$0.00
02-08-2023,fb_aug23,56265,9,$15.54,1,0.02%,11.11%,$1.73,adwords_aug23,4333,73,$0.18,1,1.68%,1.37%,$0.00
03-08-2023,fb_aug23,76923,11,$17.67,2,0.01%,18.18%,$1.61,adwords_aug23,6260,35,$0.00,1,0.56%,2.86%,$0.00
04-08-2023,fb_aug23,209332,30,$49.60,3,0.01%,10.00%,$1.65,adwords_aug23,6359,122,$0.00,1,1.92%,0.82%,$0.00
05-08-2023,fb_aug23,214094,31,$53.27,1,0.01%,3.23%,$1.72,adwords_aug23,2383,115,$0.00,1,4.83%,0.87%,$0.00
06-08-2023,fb_aug23,526209,85,$126.93,3,0.02%,3.53%,$1.49,adwords_aug23,11292,131,$5.39,1,1.16%,0.76%,$0.04
07-08-2023,fb_aug23,741143,120,$179.62,4,0.02%,3.33%,$1.50,adwords_aug23,12729,48,$5.78,1,0.38%,2.08%,$0.12
08-08-2023,fb_aug23,172827,25,$38.42,2,0.01%,8.00%,$1.54,adwords_aug23,1898,118,$0.00,1,6.22%,0.85%,$0.00
09-08-2023,fb_aug23,188873,38,$58.60,1,0.02%,2.63%,$1.54,adwords_aug23,1882,107,$0.00,1,5.69%,0.93%,$0.00
10-08-2023,fb_aug23,123126,25,$39.73,2,0.02%,8.00%,$1.59,adwords_aug23,2883,87,$0.99,1,3.02%,1.15%,$0.01
11-08-2023,fb_aug23,77794,14,$19.11,1,0.02%,7.14%,$1.37,adwords_aug23,3989,107,$1.28,1,2.68%,0.93%,$0.01
12-08-2023,fb_aug23,56630,9,$15.81,1,0.02%,11.11%,$1.76,adwords_aug23,19603,44,$5.28,1,0.22%,2.27%,$0.12
13-08-2023,fb_aug23,400844,85,$140.97,4,0.02%,4.71%,$1.66,adwords_aug23,3047,121,$1.38,1,3.97%,0.83%,$0.01
14-08-2023,fb_aug23,208572,36,$60.76,2,0.02%,5.56%,$1.69,adwords_aug23,3029,123,$1.05,1,4.06%,0.81%,$0.01
15-08-2023,fb_aug23,59004,8,$13.51,1,0.01%,12.50%,$1.69,adwords_aug23,3490,73,$1.34,1,2.09%,1.37%,$0.02
16-08-2023,fb_aug23,196253,32,$55.10,1,0.02%,3.13%,$1.72,adwords_aug23,2479,35,$0.00,1,1.41%,2.86%,$0.00
17-08-2023,fb_aug23,51858,8,$12.63,1,0.02%,12.50%,$1.58,adwords_aug23,19581,7,$10.43,2,0.04%,28.57%,$1.49
18-08-2023,fb_aug23,280764,49,$81.36,2,0.02%,4.08%,$1.66,adwords_aug23,19537,5,$6.10,1,0.03%,20.00%,$1.22
19-08-2023,fb_aug23,63660,11,$16.47,1,0.02%,9.09%,$1.50,adwords_aug23,59433,12,$19.66,3,0.02%,25.00%,$1.64
20-08-2023,fb_aug23,109289,19,$31.03,1,0.02%,5.26%,$1.63,adwords_aug23,157534,33,$56.19,2,0.02%,6.06%,$1.70
21-08-2023,fb_aug23,188440,40,$60.73,2,0.02%,5.00%,$1.52,adwords_aug23,1781,130,$0.00,1,7.30%,0.77%,$0.00
22-08-2023,fb_aug23,212496,44,$74.83,2,0.02%,4.55%,$1.70,adwords_aug23,23769,65,$6.03,1,0.27%,1.54%,$0.09
23-08-2023,fb_aug23,32574,5,$7.48,1,0.02%,20.00%,$1.50,adwords_aug23,7101,122,$0.00,1,1.72%,0.82%,$0.00
24-08-2023,fb_aug23,128595,23,$36.48,1,0.02%,4.35%,$1.59,adwords_aug23,4726,45,$1.83,1,0.95%,2.22%,$0.04
25-08-2023,fb_aug23,242234,48,$68.06,2,0.02%,4.17%,$1.42,adwords_aug23,5209,84,$0.96,2,1.61%,2.38%,$0.01
26-08-2023,fb_aug23,33154,5,$7.88,1,0.02%,20.00%,$1.58,adwords_aug23,13473,133,$2.62,3,0.99%,2.26%,$0.02
27-08-2023,fb_aug23,9773,1,$1.46,1,0.01%,100.00%,$1.46,adwords_aug23,500,66,$0.00,1,13.20%,1.52%,$0.00
28-08-2023,fb_aug23,464036,77,$123.55,3,0.02%,3.90%,$1.60,adwords_aug23,4616,128,$1.36,1,2.77%,0.78%,$0.01
29-08-2023,fb_aug23,478480,75,$135.75,3,0.02%,4.00%,$1.81,adwords_aug23,3279,37,$0.00,1,1.13%,2.70%,$0.00
30-08-2023,fb_aug23,428812,66,$116.88,4,0.02%,6.06%,$1.77,adwords_aug23,3288,93,$0.00,1,2.83%,1.08%,$0.00
31-08-2023,fb_aug23,1177535,221,$365.66,15,0.02%,6.79%,$1.65,adwords_aug23,14615,64,$6.05,1,0.44%,1.56%,$0.09
01-09-2023,fb_sep23,426500,72,$128.28,4,0.02%,5.56%,$1.78,adwords_sep23,56615,55,$19.88,2,0.10%,3.64%,$0.36
02-09-2023,fb_sep23,54237,7,$10.78,2,0.01%,28.57%,$1.54,adwords_sep23,11735,52,$4.53,1,0.44%,1.92%,$0.09
03-09-2023,fb_sep23,506916,89,$133.70,2,0.02%,2.25%,$1.50,adwords_sep23,15910,104,$6.78,1,0.65%,0.96%,$0.07
04-09-2023,fb_sep23,250960,42,$64.88,2,0.02%,4.76%,$1.54,adwords_sep23,11446,129,$3.09,1,1.13%,0.78%,$0.02
05-09-2023,fb_sep23,2286228,353,$603.38,16,0.02%,4.53%,$1.71,adwords_sep23,4595,40,$0.00,1,0.87%,2.50%,$0.00
06-09-2023,fb_sep23,915451,125,$220.56,6,0.01%,4.80%,$1.76,adwords_sep23,4871,94,$0.00,1,1.93%,1.06%,$0.00
07-09-2023,fb_sep23,159478,20,$33.90,3,0.01%,15.00%,$1.69,adwords_sep23,3199,64,$0.00,1,2.00%,1.56%,$0.00
08-09-2023,fb_sep23,1228924,190,$318.97,6,0.02%,3.16%,$1.68,adwords_sep23,9388,113,$3.14,1,1.20%,0.88%,$0.03
09-09-2023,fb_sep23,938283,134,$248.64,7,0.01%,5.22%,$1.86,adwords_sep23,17954,118,$7.54,2,0.66%,1.69%,$0.06
10-09-2023,fb_sep23,154572,26,$40.93,1,0.02%,3.85%,$1.57,adwords_sep23,2755,132,$0.00,1,4.79%,0.76%,$0.00
11-09-2023,fb_sep23,378171,70,$109.25,1,0.02%,1.43%,$1.56,adwords_sep23,8152,96,$0.99,1,1.18%,1.04%,$0.01
12-09-2023,fb_sep23,468749,84,$134.12,6,0.02%,7.14%,$1.60,adwords_sep23,74542,121,$34.15,1,0.16%,0.83%,$0.28
13-09-2023,fb_sep23,309823,60,$103.39,4,0.02%,6.67%,$1.72,adwords_sep23,6699,39,$3.09,1,0.58%,2.56%,$0.08
14-09-2023,fb_sep23,327227,65,$116.56,5,0.02%,7.69%,$1.79,adwords_sep23,11911,107,$3.96,1,0.90%,0.93%,$0.04
15-09-2023,fb_sep23,334945,72,$120.30,2,0.02%,2.78%,$1.67,adwords_sep23,10090,39,$2.65,1,0.39%,2.56%,$0.07
16-09-2023,fb_sep23,68859,15,$25.46,1,0.02%,6.67%,$1.70,adwords_sep23,1273,60,$0.00,1,4.71%,1.67%,$0.00
17-09-2023,fb_sep23,127125,20,$35.68,2,0.02%,10.00%,$1.78,adwords_sep23,24188,47,$8.18,1,0.19%,2.13%,$0.17
18-09-2023,fb_sep23,415798,80,$131.78,3,0.02%,3.75%,$1.65,adwords_sep23,2214,74,$0.00,1,3.34%,1.35%,$0.00
19-09-2023,fb_sep23,107671,20,$29.91,1,0.02%,5.00%,$1.50,adwords_sep23,9735,101,$4.13,1,1.04%,0.99%,$0.04
20-09-2023,fb_sep23,164356,28,$46.79,2,0.02%,7.14%,$1.67,adwords_sep23,1371,98,$0.00,1,7.15%,1.02%,$0.00
21-09-2023,fb_sep23,17662,2,$3.19,1,0.01%,50.00%,$1.59,adwords_sep23,10750,52,$5.39,1,0.48%,1.92%,$0.10
22-09-2023,fb_sep23,65339,10,$16.68,2,0.02%,20.00%,$1.67,adwords_sep23,7629,120,$0.72,1,1.57%,0.83%,$0.01
23-09-2023,fb_sep23,59838,7,$11.11,1,0.01%,14.29%,$1.59,adwords_sep23,4608,92,$0.00,1,2.00%,1.09%,$0.00
24-09-2023,fb_sep23,381577,81,$127.57,2,0.02%,2.47%,$1.57,adwords_sep23,3732,43,$0.00,1,1.15%,2.33%,$0.00
25-09-2023,fb_sep23,45491,8,$11.01,1,0.02%,12.50%,$1.38,adwords_sep23,7453,116,$1.68,1,1.56%,0.86%,$0.01
26-09-2023,fb_sep23,18946,2,$3.60,1,0.01%,50.00%,$1.80,adwords_sep23,41785,38,$19.10,1,0.09%,2.63%,$0.50
27-09-2023,fb_sep23,114370,18,$33.66,1,0.02%,5.56%,$1.87,adwords_sep23,8077,94,$3.58,1,1.16%,1.06%,$0.04
28-09-2023,fb_sep23,99698,21,$33.35,1,0.02%,4.76%,$1.59,adwords_sep23,5602,109,$1.58,1,1.95%,0.92%,$0.01
29-09-2023,fb_sep23,355165,81,$128.61,4,0.02%,4.94%,$1.59,adwords_sep23,6184,66,$2.75,1,1.07%,1.52%,$0.04
30-09-2023,fb_sep23,101431,23,$33.93,1,0.02%,4.35%,$1.48,adwords_sep23,1738,124,$0.00,1,7.13%,0.81%,$0.00
01-10-2023,fb_oct23,123151,24,$36.44,2,0.02%,8.33%,$1.52,adwords_oct23,112460,76,$41.29,1,0.07%,1.32%,$0.54
02-10-2023,fb_oct23,24078,4,$5.77,1,0.02%,25.00%,$1.44,adwords_oct23,4414,121,$0.00,1,2.74%,0.83%,$0.00
03-10-2023,fb_oct23,517801,105,$181.72,3,0.02%,2.86%,$1.73,adwords_oct23,14670,123,$9.41,1,0.84%,0.81%,$0.08
04-10-2023,fb_oct23,145104,25,$41.42,2,0.02%,8.00%,$1.66,adwords_oct23,33144,100,$13.41,1,0.30%,1.00%,$0.13
05-10-2023,fb_oct23,179950,35,$58.68,1,0.02%,2.86%,$1.68,adwords_oct23,4397,67,$0.95,1,1.52%,1.49%,$0.01
06-10-2023,fb_oct23,258531,46,$80.34,2,0.02%,4.35%,$1.75,adwords_oct23,1006,101,$0.00,1,10.04%,0.99%,$0.00
07-10-2023,fb_oct23,272500,62,$104.46,3,0.02%,4.84%,$1.68,adwords_oct23,89527,133,$32.29,1,0.15%,0.75%,$0.24
08-10-2023,fb_oct23,273197,57,$87.73,3,0.02%,5.26%,$1.54,adwords_oct23,2459,49,$0.00,1,1.99%,2.04%,$0.00
09-10-2023,fb_oct23,775904,172,$253.99,4,0.02%,2.33%,$1.48,adwords_oct23,7116,88,$1.73,1,1.24%,1.14%,$0.02
10-10-2023,fb_oct23,120251,26,$39.44,1,0.02%,3.85%,$1.52,adwords_oct23,8613,1,$0.89,2,0.01%,200.00%,$0.89
11-10-2023,fb_oct23,139406,24,$39.05,1,0.02%,4.17%,$1.63,adwords_oct23,9730,1,$1.38,1,0.01%,100.00%,$1.38
12-10-2023,fb_oct23,60314,11,$16.94,2,0.02%,18.18%,$1.54,adwords_oct23,51816,8,$10.23,2,0.02%,25.00%,$1.28
13-10-2023,fb_oct23,563074,86,$142.71,4,0.02%,4.65%,$1.66,adwords_oct23,27289,3,$4.43,1,0.01%,33.33%,$1.48
14-10-2023,fb_oct23,168655,18,$27.30,2,0.01%,11.11%,$1.52,adwords_oct23,20409,4,$3.83,1,0.02%,25.00%,$0.96
15-10-2023,fb_oct23,111963,17,$29.38,2,0.02%,11.76%,$1.73,adwords_oct23,8044,1,$1.11,1,0.01%,100.00%,$1.11
16-10-2023,fb_oct23,1026304,168,$277.58,17,0.02%,10.12%,$1.65,adwords_oct23,15645,4,$5.35,1,0.03%,25.00%,$1.34
17-10-2023,fb_oct23,1391924,258,$422.84,17,0.02%,6.59%,$1.64,adwords_oct23,2466,68,$0.00,2,2.76%,2.94%,$0.00
18-10-2023,fb_oct23,147551,22,$38.50,1,0.01%,4.55%,$1.75,adwords_oct23,11611,76,$3.95,1,0.65%,1.32%,$0.05
19-10-2023,fb_oct23,66794,9,$17.33,1,0.01%,11.11%,$1.93,adwords_oct23,9375,100,$4.02,1,1.07%,1.00%,$0.04
20-10-2023,fb_oct23,118882,19,$32.31,2,0.02%,10.53%,$1.70,adwords_oct23,4402,112,$1.33,1,2.54%,0.89%,$0.01
21-10-2023,fb_oct23,148010,24,$41.97,1,0.02%,4.17%,$1.75,adwords_oct23,8469,122,$3.09,1,1.44%,0.82%,$0.03
22-10-2023,fb_oct23,932890,197,$352.45,3,0.02%,1.52%,$1.79,adwords_oct23,5823,106,$1.42,1,1.82%,0.94%,$0.01
23-10-2023,fb_oct23,718359,147,$264.59,4,0.02%,2.72%,$1.80,adwords_oct23,2549,130,$0.00,1,5.10%,0.77%,$0.00
24-10-2023,fb_oct23,433658,82,$158.60,5,0.02%,6.10%,$1.93,adwords_oct23,25817,120,$6.02,1,0.46%,0.83%,$0.05
25-10-2023,fb_oct23,29455,3,$4.77,1,0.01%,33.33%,$1.59,adwords_oct23,1961,64,$0.00,1,3.26%,1.56%,$0.00
26-10-2023,fb_oct23,23973,3,$4.82,1,0.01%,33.33%,$1.61,adwords_oct23,2554,124,$0.00,1,4.86%,0.81%,$0.00
27-10-2023,fb_oct23,126480,25,$37.26,1,0.02%,4.00%,$1.49,adwords_oct23,4971,84,$1.23,1,1.69%,1.19%,$0.01
28-10-2023,fb_oct23,138959,28,$39.52,1,0.02%,3.57%,$1.41,adwords_oct23,1030,101,$0.00,1,9.81%,0.99%,$0.00
29-10-2023,fb_oct23,68829,12,$19.48,1,0.02%,8.33%,$1.62,adwords_oct23,162341,37,$77.08,3,0.02%,8.11%,$2.08
30-10-2023,fb_oct23,49916,10,$16.38,1,0.02%,10.00%,$1.64,adwords_oct23,24542,116,$9.33,1,0.47%,0.86%,$0.08
31-10-2023,fb_oct23,76014,16,$22.67,1,0.02%,6.25%,$1.42,adwords_oct23,2879,55,$0.00,1,1.91%,1.82%,$0.00
01-11-2023,fb_nov23,50947,10,$15.99,1,0.02%,10.00%,$1.60,adwords_nov23,13621,40,$4.09,1,0.29%,2.50%,$0.10
02-11-2023,fb_nov23,55536,11,$17.05,1,0.02%,9.09%,$1.55,adwords_nov23,6175,117,$1.37,2,1.89%,1.71%,$0.01
03-11-2023,fb_nov23,318042,46,$64.41,8,0.01%,17.39%,$1.40,adwords_nov23,2963,93,$0.00,1,3.14%,1.08%,$0.00
04-11-2023,fb_nov23,213016,30,$44.22,8,0.01%,26.67%,$1.47,adwords_nov23,9076,44,$1.38,1,0.48%,2.27%,$0.03
05-11-2023,fb_nov23,182265,27,$38.18,2,0.01%,7.41%,$1.41,adwords_nov23,20941,63,$5.91,1,0.30%,1.59%,$0.09
06-11-2023,fb_nov23,1117371,177,$268.05,26,0.02%,14.69%,$1.51,adwords_nov23,3462,92,$0.00,1,2.66%,1.09%,$0.00
07-11-2023,fb_nov23,333345,52,$77.59,5,0.02%,9.62%,$1.49,adwords_nov23,4073,105,$0.00,1,2.58%,0.95%,$0.00
08-11-2023,fb_nov23,275930,30,$46.78,5,0.01%,16.67%,$1.56,adwords_nov23,3745,70,$0.00,1,1.87%,1.43%,$0.00
09-11-2023,fb_nov23,740631,101,$153.12,9,0.01%,8.91%,$1.52,adwords_nov23,830,121,$0.00,1,14.58%,0.83%,$0.00
10-11-2023,fb_nov23,328272,35,$55.99,2,0.01%,5.71%,$1.60,adwords_nov23,2912,121,$0.00,1,4.16%,0.83%,$0.00
11-11-2023,fb_nov23,178455,20,$31.54,6,0.01%,30.00%,$1.58,adwords_nov23,17167,124,$6.91,1,0.72%,0.81%,$0.06
12-11-2023,fb_nov23,705712,98,$147.34,6,0.01%,6.12%,$1.50,adwords_nov23,24491,94,$9.54,1,0.38%,1.06%,$0.10
13-11-2023,fb_nov23,690373,91,$159.57,5,0.01%,5.49%,$1.75,adwords_nov23,44699,80,$17.30,2,0.18%,2.50%,$0.22
14-11-2023,fb_nov23,515812,69,$117.63,3,0.01%,4.35%,$1.70,adwords_nov23,6469,106,$1.31,1,1.64%,0.94%,$0.01
15-11-2023,fb_nov23,764793,101,$171.98,4,0.01%,3.96%,$1.70,adwords_nov23,16053,73,$4.08,1,0.45%,1.37%,$0.06
16-11-2023,fb_nov23,87832,11,$18.10,1,0.01%,9.09%,$1.65,adwords_nov23,54724,91,$17.93,1,0.17%,1.10%,$0.20
17-11-2023,fb_nov23,23368,3,$4.30,1,0.01%,33.33%,$1.43,adwords_nov23,4706,97,$1.22,1,2.06%,1.03%,$0.01
18-11-2023,fb_nov23,51509,7,$11.57,1,0.01%,14.29%,$1.65,adwords_nov23,8316,112,$4.57,1,1.35%,0.89%,$0.04
19-11-2023,fb_nov23,87043,16,$24.48,2,0.02%,12.50%,$1.53,adwords_nov23,5794,127,$2.27,1,2.19%,0.79%,$0.02
20-11-2023,fb_nov23,565565,113,$169.67,7,0.02%,6.19%,$1.50,adwords_nov23,4813,128,$1.03,1,2.66%,0.78%,$0.01
21-11-2023,fb_nov23,253758,43,$62.14,4,0.02%,9.30%,$1.45,adwords_nov23,85285,96,$36.13,1,0.11%,1.04%,$0.38
22-11-2023,fb_nov23,319131,51,$76.68,6,0.02%,11.76%,$1.50,adwords_nov23,5839,38,$1.37,1,0.65%,2.63%,$0.04
23-11-2023,fb_nov23,670608,130,$195.15,11,0.02%,8.46%,$1.50,adwords_nov23,5859,80,$1.54,1,1.37%,1.25%,$0.02
24-11-2023,fb_nov23,159123,25,$38.36,5,0.02%,20.00%,$1.53,adwords_nov23,164118,38,$59.07,1,0.02%,2.63%,$1.55
25-11-2023,fb_nov23,103709,15,$24.57,3,0.01%,20.00%,$1.64,adwords_nov23,18234,39,$7.81,1,0.21%,2.56%,$0.20
26-11-2023,fb_nov23,271589,45,$74.41,9,0.02%,20.00%,$1.65,adwords_nov23,2755,120,$0.00,1,4.36%,0.83%,$0.00
27-11-2023,fb_nov23,119772,20,$33.47,5,0.02%,25.00%,$1.67,adwords_nov23,73676,72,$28.50,1,0.10%,1.39%,$0.40
28-11-2023,fb_nov23,26340,3,$4.22,1,0.01%,33.33%,$1.41,adwords_nov23,18421,92,$10.08,1,0.50%,1.09%,$0.11
29-11-2023,fb_nov23,594968,111,$147.67,4,0.02%,3.60%,$1.33,adwords_nov23,164754,109,$67.98,2,0.07%,1.83%,$0.62
30-11-2023,fb_nov23,6838,112,$0.00,1,1.64%,0.89%,$0.00,adwords_nov23,7449,76,$1.64,1,1.02%,1.32%,$0.02
01-12-2023,fb_dec23,185665,39,$62.14,1,0.02%,2.56%,$1.59,adwords_dec23,6424,1,$0.53,1,0.02%,100.00%,$0.53
02-12-2023,fb_dec23,24959,3,$4.56,1,0.01%,33.33%,$1.52,adwords_dec23,2086,87,$0.00,1,4.17%,1.15%,$0.00
03-12-2023,fb_dec23,136967,23,$35.06,3,0.02%,13.04%,$1.52,adwords_dec23,6016,62,$0.00,1,1.03%,1.61%,$0.00
04-12-2023,fb_dec23,107548,19,$29.31,1,0.02%,5.26%,$1.54,adwords_dec23,6412,77,$1.37,1,1.20%,1.30%,$0.02
05-12-2023,fb_dec23,588617,119,$169.92,2,0.02%,1.68%,$1.43,adwords_dec23,5040,91,$1.44,1,1.81%,1.10%,$0.02
06-12-2023,fb_dec23,190560,26,$41.63,3,0.01%,11.54%,$1.60,adwords_dec23,1772,131,$0.00,1,7.39%,0.76%,$0.00
07-12-2023,fb_dec23,373110,49,$75.70,4,0.01%,8.16%,$1.54,adwords_dec23,1783,91,$0.00,1,5.10%,1.10%,$0.00
08-12-2023,fb_dec23,935646,170,$256.47,19,0.02%,11.18%,$1.51,adwords_dec23,8200,106,$3.92,1,1.29%,0.94%,$0.04
09-12-2023,fb_dec23,2223278,421,$612.30,38,0.02%,9.03%,$1.45,adwords_dec23,115896,50,$49.44,1,0.04%,2.00%,$0.99
10-12-2023,fb_dec23,240497,36,$51.84,1,0.01%,2.78%,$1.44,adwords_dec23,10186,115,$1.23,1,1.13%,0.87%,$0.01
11-12-2023,fb_dec23,259984,37,$54.79,5,0.01%,13.51%,$1.48,adwords_dec23,9134,3,$4.18,2,0.03%,66.67%,$1.39
12-12-2023,fb_dec23,606786,127,$179.05,11,0.02%,8.66%,$1.41,adwords_dec23,3385,1,$1.44,1,0.03%,100.00%,$1.44
13-12-2023,fb_dec23,83270,13,$17.74,1,0.02%,7.69%,$1.36,adwords_dec23,1314,87,$0.00,1,6.62%,1.15%,$0.00
14-12-2023,fb_dec23,1189509,268,$375.72,7,0.02%,2.61%,$1.40,adwords_dec23,2916,62,$0.00,1,2.13%,1.61%,$0.00
15-12-2023,fb_dec23,11471,1,$1.57,0,0.01%,0.00%,$1.57,adwords_dec23,6142,77,$1.33,1,1.25%,1.30%,$0.02
16-12-2023,fb_dec23,1705246,295,$429.48,23,0.02%,7.80%,$1.46,adwords_dec23,1984,91,$0.00,1,4.59%,1.10%,$0.00
17-12-2023,fb_dec23,418016,63,$95.85,3,0.02%,4.76%,$1.52,adwords_dec23,9142,131,$3.75,1,1.43%,0.76%,$0.03
18-12-2023,fb_dec23,30155,3,$3.82,1,0.01%,33.33%,$1.27,adwords_dec23,5475,91,$2.73,1,1.66%,1.10%,$0.03
19-12-2023,fb_dec23,990404,153,$226.54,12,0.02%,7.84%,$1.48,adwords_dec23,8254,106,$2.32,1,1.28%,0.94%,$0.02
20-12-2023,fb_dec23,187468,34,$50.72,2,0.02%,5.88%,$1.49,adwords_dec23,5704,50,$1.32,1,0.88%,2.00%,$0.03
21-12-2023,fb_dec23,208301,33,$54.57,1,0.02%,3.03%,$1.65,adwords_dec23,7301,115,$0.00,1,1.58%,0.87%,$0.00
22-12-2023,fb_dec23,101856,16,$25.22,4,0.02%,25.00%,$1.58,adwords_dec23,37873,5,$6.17,1,0.01%,20.00%,$1.23
23-12-2023,fb_dec23,48935,7,$9.97,1,0.01%,14.29%,$1.42,adwords_dec23,25267,4,$4.94,2,0.02%,50.00%,$1.24
24-12-2023,fb_dec23,13911,1,$1.73,1,0.01%,100.00%,$1.73,adwords_dec23,535,87,$0.00,1,16.26%,1.15%,$0.00
25-12-2023,fb_dec23,511726,77,$123.09,8,0.02%,10.39%,$1.60,adwords_dec23,3396,62,$0.00,1,1.83%,1.61%,$0.00
26-12-2023,fb_dec23,177452,24,$37.83,2,0.01%,8.33%,$1.58,adwords_dec23,977,77,$0.00,1,7.88%,1.30%,$0.00
27-12-2023,fb_dec23,149808,20,$33.04,1,0.01%,5.00%,$1.65,adwords_dec23,12318,91,$6.34,1,0.74%,1.10%,$0.07
28-12-2023,fb_dec23,390339,60,$105.02,9,0.02%,15.00%,$1.75,adwords_dec23,4783,131,$0.86,1,2.74%,0.76%,$0.01
29-12-2023,fb_dec23,8350,91,$0.00,1,1.09%,1.10%,$0.00,adwords_dec23,6475,91,$1.35,1,1.41%,1.10%,$0.01
30-12-2023,fb_dec23,39339,4,$5.93,1,0.01%,25.00%,$1.48,adwords_dec23,104578,106,$39.25,1,0.10%,0.94%,$0.37
31-12-2023,fb_dec23,8587,87,$0.00,1,1.01%,1.15%,$0.00,adwords_dec23,6875,50,$5.55,2,0.73%,4.00%,$0.11
